{"stat.pickup.minecraft.bone":40,"stat.craftItem.storagedrawers.basicdrawers":27,"stat.mineBlock.storagedrawers.basicdrawers":3,"stat.craftItem.ceramics.unfired_clay":293,"stat.useItem.minecraft.iron_axe":22,"stat.leaveGame":2,"stat.mineBlock.minecraft.cobblestone":3186,"stat.useItem.agricraft.water_tank":5,"stat.pickup.minecraft.flint":125,"stat.craftItem.minecraft.iron_axe":1,"stat.craftItem.tconstruct.faucet":2,"stat.pickup.abyssalcraft.corflesh":2,"stat.pickup.tconstruct.edible":60,"stat.drop.thermalfoundation.material":1,"stat.craftItem.furnaceoverhaul.iron_furnace":3,"stat.pickup.exnihilocreatio.item_ore_lead":24,"stat.swimOneCm":8963,"stat.useItem.minecraft.planks":27,"stat.pickup.exnihilocreatio.item_ore_aluminum":20,"stat.pickup.tp.plump_peach":7,"stat.pickup.xreliquary.mob_ingredient":6,"stat.pickup.lootbags.itemlootbag":40,"stat.useItem.minecraft.dirt":6,"stat.useItem.minecraft.stone_slab2":121,"stat.pickup.nuclearcraft.dominos":1,"stat.drop.minecraft.iron_sword":1,"stat.pickup.exnihilocreatio.block_dust":382,"stat.pickup.minecraft.rotten_flesh":1,"stat.pickup.minecraft.sand":657,"stat.craftItem.minecraft.furnace":10,"stat.craftItem.minecraft.stone_axe":3,"stat.killEntity.abyssalcraft.abyssalzombie":10,"stat.useItem.tp.plump_pear":7,"stat.craftItem.minecraft.stone_pickaxe":1,"stat.pickup.bqt.mpad":1,"stat.pickup.minecraft.cobblestone":946,"stat.craftItem.tconstruct.casting":4,"stat.drop.exnihilocreatio.item_ore_iron":1,"stat.pickup.minecraft.gold_block":1,"stat.mineBlock.exnihilocreatio.block_infested_leaves":329,"stat.useItem.exnihilocreatio.hammer_stone":258,"stat.flyOneCm":90120,"stat.pickup.minecraft.clay":92,"stat.pickup.appliedenergistics2.material":1,"stat.mineBlock.minecraft.sand":383,"stat.killEntity.Witch":7,"stat.craftItem.minecraft.wooden_slab":54,"stat.pickup.exnihilocreatio.item_ore_copper":24,"stat.pickup.minecraft.redstone":2,"stat.useItem.exnihilocreatio.item_material":10,"stat.timeSinceDeath":68698,"stat.useItem.minecraft.fence_gate":1,"stat.useItem.minecraft.iron_pickaxe":183,"stat.mineBlock.tconstruct.slime_grass_tall":4,"stat.craftItem.betterbuilderswands.wandiron":3,"stat.useItem.nuclearcraft.milk_chocolate":1,"stat.drop.minecraft.coal":3,"stat.pickup.exnihilocreatio.block_barrel0":18,"stat.pickup.bhc.red_heart":2,"stat.pickup.thermalfoundation.material":2,"stat.craftItem.tconstruct.seared":21,"stat.furnaceInteraction":92,"stat.craftItem.tcomplement.porcelain_tank":7,"stat.killEntity.Creeper":41,"stat.pickup.actuallyadditions.item_solidified_experience":14,"stat.pickup.embers.archaic_brick":9,"stat.craftItem.tconstruct.soil":136,"stat.pickup.botania.manaresource":5697,"stat.pickup.minecraft.string":355,"stat.pickup.tcomplement.porcelain_casting":6,"stat.useItem.tcomplement.porcelain_melter":1,"stat.pickup.minecraft.furnace":5,"stat.craftItem.exnihilocreatio.hammer_stone":2,"stat.pickup.tombstone.crafting_ingredient":11,"stat.useItem.tcomplement.porcelain_casting":1,"stat.craftItem.tcomplement.porcelain_casting":5,"stat.craftItem.minecraft.stone_slab2":0,"stat.useItem.tp.plump_peach":7,"stat.pickup.exnihilocreatio.item_ore_iron":294,"stat.craftItem.tconstruct.tooltables":7,"stat.sprintOneCm":235827,"stat.killEntity.ancient_golem":26,"stat.mineBlock.minecraft.stone_slab":45,"stat.pickup.minecraft.skull":4,"stat.pickup.exnihilocreatio.item_ore_osmium":14,"stat.craftItem.minecraft.stick":132,"stat.pickup.ceramics.unfired_clay":50,"stat.useItem.minecraft.stone_slab":681,"stat.pickup.tombstone.gift":1,"stat.useItem.harvestcraft.applesauceitem":20,"stat.pickup.exnihilocreatio.item_material":28,"stat.craftItem.exnihilocreatio.hammer_iron":3,"stat.craftItem.exnihilocreatio.block_crucible_wood":1,"stat.useItem.lootbags.itemlootbag":5,"stat.useItem.betterbuilderswands.wanddiamond":290,"stat.craftItem.minecraft.fence_gate":2,"stat.mineBlock.minecraft.crafting_table":2,"stat.useItem.ceramics.faucet":1,"stat.pickup.exnihilocreatio.item_ore_nickel":15,"stat.pickup.rockcandy.raw_rock_candy":59,"stat.pickup.minecraft.emerald":3,"stat.craftItem.minecraft.clay_ball":380,"stat.deaths":3,"stat.mineBlock.minecraft.planks":1,"stat.drop":13,"stat.pickup.actuallyadditions.item_dust":2,"stat.playOneMinute":399511,"stat.useItem.rockcandy.raw_rock_candy":104,"stat.useItem.tconstruct.seared":30,"stat.pickup.exnihilocreatio.hammer_diamond":2,"stat.craftItem.minecraft.iron_pickaxe":1,"stat.killEntity.Zombie":2,"stat.craftItem.minecraft.dye":204,"stat.diveOneCm":1232,"stat.useItem.exnihilocreatio.crook_wood":448,"stat.pickup.tconstruct.seared":13,"stat.chestOpened":238,"stat.pickup.tconstruct.tooltables":5,"stat.pickup.storagedrawers.basicdrawers":3,"stat.pickup.minecraft.gravel":3557,"stat.pickup.minecraft.iron_sword":1,"stat.craftItem.betterbuilderswands.wandstone":10,"stat.useItem.minecraft.apple":14,"stat.drop.lootbags.itemlootbag":5,"stat.pickup.exnihilocreatio.item_ore_tin":16,"stat.craftItem.minecraft.coal":221,"stat.useItem.betterbuilderswands.wandstone":246,"stat.pickup.everlastingabilities.ability_bottle":1,"stat.useItem.storagedrawers.basicdrawers":28,"stat.craftItem.exnihilocreatio.block_crucible":12,"stat.pickup.tconstruct.cast_custom":2,"stat.jump":1044,"stat.useItem.minecraft.sand":27,"stat.pickup.minecraft.coal":115,"stat.fallOneCm":27082,"stat.useItem.minecraft.stone_axe":382,"stat.pickup.minecraft.gunpowder":16,"stat.crouchOneCm":70556,"stat.mineBlock.minecraft.chest":1,"stat.pickup.minecraft.spider_eye":1,"stat.craftItem.minecraft.chest":43,"stat.craftItem.minecraft.torch":108,"stat.craftItem.minecraft.iron_ingot":6,"stat.pickup.minecraft.dirt":14,"stat.drop.bqt.mpad":1,"stat.pickup.exnihilocreatio.crook_wood":1,"stat.craftingTableInteraction":69,"stat.useItem.minecraft.sapling":63,"stat.craftItem.exnihilocreatio.item_ore_iron":6,"stat.useItem.furnaceoverhaul.iron_furnace":1,"stat.mineBlock.tconstruct.tooltables":5,"stat.craftItem.tconstruct.pattern":16,"stat.pickup.exnihilocreatio.item_ore_platinum":35,"stat.craftItem.agricraft.water_tank":4,"stat.damageTaken":1610,"stat.mineBlock.minecraft.torch":48,"stat.mineBlock.minecraft.furnace":5,"stat.killEntity.tconstruct.blueslime":83,"stat.useItem.minecraft.furnace":2,"stat.pickup.harvestcraft.applesauceitem":20,"stat.pickup.agricraft.water_tank":6,"stat.mineBlock.minecraft.sapling":1,"stat.pickup.exnihilocreatio.item_ore_gold":32,"stat.pickup.minecraft.dye":22,"stat.pickup.mysticalagriculture.crafting":12,"stat.craftItem.furnaceoverhaul.gold_furnace":1,"stat.pickup.minecraft.planks":48,"stat.pickup.exnihilocreatio.item_ore_silver":25,"tombstone:undead_killed":53,"stat.pickup.nuclearcraft.milk_chocolate":4,"stat.pickup.tconstruct.materials":13,"stat.mineBlock.minecraft.gravel":656,"stat.useItem.minecraft.stone_pickaxe":131,"stat.craftItem.tconstruct.seared_tank":2,"stat.craftItem.exnihilocreatio.crook_wood":8,"stat.damageDealt":7429,"stat.craftItem.minecraft.glass":64,"stat.mineBlock.exnihilocreatio.block_barrel0":16,"stat.mineBlock.minecraft.dirt":4,"stat.craftItem.minecraft.iron_sword":1,"stat.craftItem.minecraft.stone_slab":1818,"stat.walkOneCm":1105571,"stat.pickup.ceramics.clay_bucket":4,"stat.useItem.minecraft.torch":110,"stat.useItem.minecraft.chest":11,"stat.craftItem.tconstruct.smeltery_io":2,"stat.pickup.minecraft.stick":15,"stat.useItem.minecraft.log":9,"stat.pickup.minecraft.crafting_table":1,"stat.useItem.minecraft.cobblestone":993,"stat.pickup.tp.plump_pear":7,"stat.craftItem.minecraft.crafting_table":4,"stat.useItem.minecraft.gravel":126,"stat.craftItem.ceramics.clay_bucket":24,"stat.useItem.exnihilocreatio.hammer_iron":369,"stat.pickup.abyssalcraft.dsword":1,"stat.pickup.minecraft.log":520,"stat.pickup.betterbuilderswands.wanddiamond":2,"stat.craftItem.tcomplement.porcelain_melter":3,"stat.craftItem.ceramics.faucet":3,"stat.pickup.minecraft.iron_pickaxe":1,"stat.useItem.tombstone.gift":2,"stat.craftItem.betterbuilderswands.wanddiamond":3,"stat.craftItem.minecraft.gold_ingot":45,"stat.drop.minecraft.sapling":1,"stat.pickup.minecraft.hopper":1,"stat.pickup.minecraft.sapling":300,"stat.pickup.minecraft.apple":66,"stat.useItem.exnihilocreatio.block_barrel0":45,"stat.craftItem.tconstruct.smeltery_controller":1,"stat.useItem.exnihilocreatio.hammer_diamond":3245,"stat.killEntity.Skeleton":41,"stat.craftItem.minecraft.planks":1036,"stat.useItem.minecraft.iron_sword":135,"stat.useItem.betterbuilderswands.wandiron":71,"stat.useItem.exnihilocreatio.block_crucible":4,"stat.killEntity.Spider":1,"stat.mineBlock.tcomplement.porcelain_casting":7,"stat.mobKills":211,"stat.craftItem.exnihilocreatio.block_barrel0":33,"stat.mineBlock.minecraft.log":539,"stat.craftItem.exnihilocreatio.item_ore_gold":78,"stat.pickup.minecraft.diamond":3,"stat.pickup.embers.ancient_motive_core":4,"stat.mineBlock.minecraft.leaves":207,"stat.pickup.minecraft.torch":47,"stat.mineBlock.tconstruct.seared":13,"stat.sneakTime":60220,"stat.pickup.minecraft.stone_slab":385,"stat.craftItem.minecraft.cobblestone":1413,"stat.pickup.minecraft.chest":1}