{"stat.craftItem.immersiveengineering.stone_decoration":27,"stat.mineBlock.storagedrawers.basicdrawers":3,"stat.leaveGame":3,"stat.craftItem.minecraft.iron_axe":1,"stat.pickup.tconstruct.edible":60,"stat.craftItem.furnaceoverhaul.iron_furnace":3,"stat.pickup.exnihilocreatio.item_ore_zinc":1,"stat.mineBlock.botania.root":9,"stat.useItem.minecraft.planks":94,"stat.pickup.exnihilocreatio.item_ore_aluminum":134,"stat.pickup.minecraft.glowstone_dust":54,"stat.pickup.xreliquary.mob_ingredient":20,"stat.pickup.minecraft.blaze_powder":24,"stat.pickup.nuclearcraft.dominos":1,"stat.drop.minecraft.iron_sword":1,"stat.pickup.exnihilocreatio.block_dust":382,"stat.pickup.minecraft.rotten_flesh":1,"stat.pickup.minecraft.sand":661,"stat.craftItem.minecraft.stone_axe":3,"stat.killEntity.abyssalcraft.abyssalzombie":20,"stat.useItem.tp.plump_pear":7,"stat.pickup.minecraft.bucket":2,"stat.pickup.bqt.mpad":1,"stat.pickup.exnihilocreatio.item_pebble":191,"stat.craftItem.tconstruct.casting":4,"stat.useItem.exnihilocreatio.block_sieve":2,"stat.pickup.netherex.wither_bone":1,"stat.mineBlock.exnihilocreatio.block_infested_leaves":329,"stat.mineBlock.minecraft.sand":383,"stat.killEntity.Witch":8,"stat.pickup.exnihilocreatio.item_ore_copper":39,"stat.useItem.exnihilocreatio.item_material":10,"stat.useItem.minecraft.fence_gate":1,"stat.hopperInspected":1,"stat.useItem.minecraft.iron_pickaxe":256,"stat.mineBlock.tconstruct.slime_grass_tall":4,"stat.pickup.projectred-core.resource_item":2,"stat.pickup.exnihilocreatio.block_barrel0":18,"stat.pickup.bhc.red_heart":6,"stat.pickup.thermalfoundation.material":5,"stat.furnaceInteraction":95,"stat.pickup.actuallyadditions.item_solidified_experience":18,"stat.pickup.embers.archaic_brick":67,"stat.useItem.tcomplement.porcelain_melter":1,"stat.pickup.minecraft.furnace":5,"stat.useItem.tcomplement.porcelain_casting":1,"stat.pickup.mob_grinding_utils.spikes":4,"stat.craftItem.tcomplement.porcelain_casting":5,"stat.useItem.tp.plump_peach":7,"stat.pickup.exnihilocreatio.item_ore_iron":469,"stat.pickup.minecraft.skull":4,"stat.pickup.exnihilocreatio.item_ore_osmium":241,"stat.pickup.ceramics.unfired_clay":50,"stat.pickup.tombstone.gift":1,"stat.craftItem.exnihilocreatio.hammer_iron":3,"stat.useItem.betterbuilderswands.wanddiamond":290,"stat.craftItem.minecraft.fence_gate":2,"stat.pickup.tombstone.scroll_buff":10,"stat.useItem.immersiveengineering.seed":17,"stat.pickup.exnihilocreatio.item_seed_carrot":1,"stat.pickup.minecraft.pumpkin_seeds":14,"stat.pickup.exnihilocreatio.item_ore_nickel":146,"stat.pickup.minecraft.emerald":3,"stat.useItem.minecraft.dye":22,"stat.deaths":4,"stat.pickup.actuallyadditions.item_dust":69,"stat.playOneMinute":487273,"stat.pickup.exnihilocreatio.hammer_diamond":2,"stat.craftItem.minecraft.iron_pickaxe":1,"stat.pickup.natura.overworld_seeds":2,"stat.pickup.tconstruct.seared":13,"stat.chestOpened":408,"stat.pickup.witherskelefix.fragment":1,"stat.pickup.immersiveengineering.material":39,"stat.pickup.minecraft.iron_sword":1,"stat.craftItem.minecraft.coal":221,"stat.useItem.betterbuilderswands.wandstone":246,"stat.pickup.tconstruct.cast_custom":2,"stat.craftItem.minecraft.iron_hoe":1,"stat.pickup.tombstone.tablet_of_cupidity":2,"stat.fallOneCm":35435,"stat.pickup.minecraft.melon_seeds":13,"stat.crouchOneCm":74446,"stat.mineBlock.minecraft.chest":3,"stat.craftItem.minecraft.chest":75,"stat.craftItem.minecraft.iron_ingot":6,"stat.useItem.minecraft.iron_hoe":12,"stat.pickup.exnihilocreatio.crook_wood":1,"stat.craftItem.minecraft.hopper":2,"stat.craftingTableInteraction":76,"stat.pickup.xreliquary.glowing_water":1,"stat.useItem.furnaceoverhaul.iron_furnace":1,"stat.craftItem.tconstruct.pattern":16,"stat.useItem.minecraft.furnace":2,"stat.pickup.agricraft.water_tank":6,"stat.pickup.exnihilocreatio.item_ore_gold":278,"stat.pickup.minecraft.dye":170,"stat.craftItem.furnaceoverhaul.gold_furnace":1,"stat.pickup.minecraft.planks":62,"stat.pickup.minecraft.wheat_seeds":29,"stat.pickup.nuclearcraft.milk_chocolate":8,"stat.mineBlock.minecraft.gravel":656,"stat.useItem.minecraft.stone_pickaxe":131,"stat.craftItem.tconstruct.seared_tank":2,"stat.craftItem.exnihilocreatio.block_auto_sifter":1,"stat.pickup.darkutils.material":1,"stat.mineBlock.minecraft.dirt":8,"stat.pickup.tombstone.voodoo_poppet":1,"stat.pickup.exnihilocreatio.item_mesh":2,"stat.useItem.minecraft.torch":136,"stat.pickup.immersiveengineering.seed":22,"stat.pickup.exnihilocreatio.item_seed_darkoak":4,"stat.useItem.minecraft.log":9,"stat.pickup.minecraft.crafting_table":1,"stat.useItem.minecraft.cobblestone":1122,"stat.pickup.tp.plump_pear":7,"stat.craftItem.minecraft.crafting_table":6,"stat.useItem.minecraft.gravel":126,"stat.craftItem.ceramics.clay_bucket":24,"stat.craftItem.exnihilocreatio.block_waterwheel":1,"stat.pickup.minecraft.log":527,"stat.pickup.betterbuilderswands.wanddiamond":2,"stat.craftItem.tcomplement.porcelain_melter":3,"stat.craftItem.exnihilocreatio.block_sieve":4,"stat.pickup.minecraft.iron_pickaxe":1,"stat.pickup.enderio.item_soul_vial":1,"stat.craftItem.betterbuilderswands.wanddiamond":4,"stat.craftItem.minecraft.gold_ingot":45,"stat.drop.minecraft.sapling":1,"stat.pickup.minecraft.hopper":1,"stat.pickup.minecraft.sapling":306,"stat.pickup.minecraft.apple":66,"stat.useItem.exnihilocreatio.block_barrel0":45,"stat.craftItem.immersiveengineering.tool":1,"stat.craftItem.tconstruct.smeltery_controller":1,"stat.useItem.exnihilocreatio.hammer_diamond":3275,"stat.useItem.nuclearcraft.dominos":1,"stat.craftItem.minecraft.planks":1292,"stat.useItem.minecraft.iron_sword":187,"stat.useItem.exnihilocreatio.block_crucible":4,"stat.killEntity.WitherSkeleton":1,"stat.mineBlock.minecraft.log":539,"stat.pickup.embers.ancient_motive_core":13,"stat.sneakTime":62114,"stat.pickup.exnihilocreatio.block_sieve":1,"stat.pickup.minecraft.stone_slab":389,"stat.craftItem.minecraft.cobblestone":1413,"stat.pickup.minecraft.chest":3,"stat.pickup.minecraft.bone":40,"stat.craftItem.storagedrawers.basicdrawers":27,"stat.craftItem.ceramics.unfired_clay":293,"stat.useItem.minecraft.iron_axe":52,"stat.mineBlock.minecraft.cobblestone":3285,"stat.useItem.agricraft.water_tank":5,"stat.pickup.minecraft.flint":317,"stat.craftItem.tconstruct.faucet":2,"stat.pickup.abyssalcraft.corflesh":2,"stat.drop.thermalfoundation.material":1,"stat.pickup.exnihilocreatio.item_ore_lead":163,"stat.swimOneCm":10539,"stat.pickup.tp.plump_peach":7,"stat.pickup.tombstone.tablet_of_assistance":1,"stat.pickup.lootbags.itemlootbag":49,"stat.useItem.minecraft.dirt":21,"stat.useItem.minecraft.stone_slab2":141,"stat.pickup.forge.bucketfilled":1,"stat.craftItem.minecraft.furnace":10,"stat.craftItem.exnihilocreatio.hammer_diamond":1,"stat.pickup.nuclearcraft.record_hyperspace":2,"stat.craftItem.minecraft.stone_pickaxe":1,"stat.pickup.minecraft.cobblestone":1013,"stat.pickup.quark.black_ash":2,"stat.drop.exnihilocreatio.item_ore_iron":1,"stat.pickup.minecraft.gold_block":1,"stat.useItem.exnihilocreatio.hammer_stone":258,"stat.pickup.exnihilocreatio.item_seed_cactus":1,"stat.flyOneCm":136845,"stat.pickup.minecraft.clay":92,"stat.pickup.minecraft.glass_bottle":1,"stat.pickup.appliedenergistics2.material":220,"stat.craftItem.minecraft.wooden_slab":66,"stat.pickup.minecraft.redstone":34,"stat.timeSinceDeath":11319,"stat.pickup.actuallyadditions.item_rice_seed":2,"stat.craftItem.betterbuilderswands.wandiron":3,"stat.useItem.nuclearcraft.milk_chocolate":6,"stat.drop.minecraft.coal":3,"stat.craftItem.tconstruct.seared":21,"stat.pickup.minecraft.nether_wart":3,"stat.craftItem.tcomplement.porcelain_tank":7,"stat.killEntity.Creeper":55,"stat.pickup.exnihilocreatio.item_seed_oak":3,"stat.craftItem.tconstruct.soil":136,"stat.pickup.botania.manaresource":5727,"stat.pickup.minecraft.string":358,"stat.pickup.exnihilocreatio.item_seed_jungle":4,"stat.pickup.tcomplement.porcelain_casting":6,"stat.craftItem.exnihilocreatio.hammer_stone":2,"stat.pickup.tombstone.crafting_ingredient":12,"stat.craftItem.minecraft.stone_slab2":0,"stat.craftItem.tconstruct.tooltables":9,"stat.sprintOneCm":339170,"stat.killEntity.ancient_golem":34,"stat.mineBlock.minecraft.stone_slab":49,"stat.craftItem.minecraft.stick":148,"stat.useItem.minecraft.stone_slab":681,"stat.useItem.harvestcraft.applesauceitem":20,"stat.pickup.exnihilocreatio.item_material":34,"stat.craftItem.exnihilocreatio.block_crucible_wood":1,"stat.useItem.lootbags.itemlootbag":5,"stat.mineBlock.minecraft.crafting_table":2,"stat.useItem.ceramics.faucet":1,"stat.pickup.rockcandy.raw_rock_candy":59,"stat.pickup.minecraft.golden_horse_armor":1,"stat.craftItem.minecraft.clay_ball":380,"stat.entityKilledBy.Creeper":1,"stat.mineBlock.minecraft.planks":19,"stat.drop":13,"stat.useItem.rockcandy.raw_rock_candy":104,"stat.useItem.tconstruct.seared":30,"stat.killEntity.Zombie":3,"stat.craftItem.minecraft.dye":396,"stat.diveOneCm":1232,"stat.craftItem.minecraft.sandstone":13,"stat.useItem.exnihilocreatio.crook_wood":448,"stat.pickup.tconstruct.tooltables":5,"stat.pickup.storagedrawers.basicdrawers":3,"stat.craftItem.minecraft.piston":6,"stat.pickup.minecraft.gravel":3587,"stat.craftItem.betterbuilderswands.wandstone":10,"stat.useItem.minecraft.apple":14,"stat.drop.lootbags.itemlootbag":5,"stat.pickup.exnihilocreatio.item_ore_tin":85,"stat.pickup.exnihilocreatio.item_seed_sugarcane":3,"stat.pickup.everlastingabilities.ability_bottle":1,"stat.useItem.storagedrawers.basicdrawers":28,"stat.craftItem.exnihilocreatio.block_crucible":12,"stat.jump":1349,"stat.useItem.minecraft.sand":27,"stat.pickup.minecraft.coal":179,"stat.useItem.minecraft.stone_axe":382,"stat.pickup.minecraft.gunpowder":24,"stat.useItem.erebus.max_speed_bow":10,"stat.pickup.minecraft.spider_eye":1,"stat.craftItem.minecraft.torch":108,"stat.pickup.minecraft.dirt":54,"stat.drop.bqt.mpad":1,"stat.craftItem.exnihilocreatio.block_axle_stone":2,"stat.pickup.tombstone.fishing_rod_of_misadventure":1,"stat.useItem.minecraft.sapling":63,"stat.craftItem.exnihilocreatio.item_ore_iron":6,"stat.pickup.actuallyadditions.item_coffee_seed":2,"stat.mineBlock.tconstruct.tooltables":5,"stat.pickup.exnihilocreatio.item_ore_platinum":45,"stat.craftItem.agricraft.water_tank":4,"stat.damageTaken":5300,"stat.mineBlock.minecraft.torch":51,"stat.mineBlock.minecraft.furnace":5,"stat.killEntity.tconstruct.blueslime":84,"stat.pickup.harvestcraft.applesauceitem":20,"stat.mineBlock.minecraft.sapling":1,"stat.pickup.mysticalagriculture.crafting":19,"stat.pickup.exnihilocreatio.item_ore_silver":44,"stat.pickup.minecraft.bed":1,"tombstone:undead_killed":71,"stat.pickup.exnihilocreatio.item_seed_potato":3,"stat.pickup.tconstruct.materials":13,"stat.killEntity.Shulker":1,"stat.useItem.mob_grinding_utils.spikes":3,"stat.craftItem.exnihilocreatio.crook_wood":8,"stat.damageDealt":10046,"stat.craftItem.minecraft.glass":64,"stat.mineBlock.exnihilocreatio.block_barrel0":16,"stat.pickup.actuallyadditions.item_canola_seed":2,"stat.craftItem.minecraft.iron_sword":1,"stat.craftItem.minecraft.stone_slab":1818,"stat.walkOneCm":1338154,"stat.pickup.ceramics.clay_bucket":4,"stat.useItem.minecraft.chest":33,"stat.craftItem.tconstruct.smeltery_io":2,"stat.pickup.minecraft.stick":15,"stat.craftItem.exnihilocreatio.item_material":51,"stat.useItem.exnihilocreatio.hammer_iron":369,"stat.pickup.abyssalcraft.dsword":1,"stat.craftItem.ceramics.faucet":3,"stat.useItem.tombstone.gift":3,"stat.pickup.minecraft.ender_pearl":1,"stat.killEntity.Skeleton":47,"stat.useItem.betterbuilderswands.wandiron":71,"stat.killEntity.Spider":2,"stat.mineBlock.tcomplement.porcelain_casting":7,"stat.mobKills":254,"stat.craftItem.exnihilocreatio.block_barrel0":33,"stat.pickup.minecraft.quartz":3,"stat.pickup.tombstone.tablet_of_home":3,"stat.craftItem.exnihilocreatio.item_ore_gold":78,"stat.pickup.minecraft.diamond":16,"stat.mineBlock.minecraft.leaves":207,"stat.pickup.minecraft.beetroot_seeds":8,"stat.pickup.minecraft.torch":59,"stat.mineBlock.tconstruct.seared":13,"stat.pickup.immersiveengineering.blueprint":3,"stat.craftItem.exnihilocreatio.item_mesh":2,"stat.mineBlock.exnihilocreatio.block_sieve":1}