{"stat.mineBlock.storagedrawers.basicdrawers":22,"stat.leaveGame":6,"stat.drop.minecraft.gunpowder":2,"stat.craftItem.minecraft.iron_axe":2,"stat.pickup.tconstruct.edible":18,"stat.pickup.exnihilocreatio.item_ore_zinc":126,"stat.mineBlock.minecraft.web":1,"stat.pickup.exnihilocreatio.item_ore_aluminum":1180,"stat.pickup.minecraft.glowstone_dust":10,"stat.pickup.xreliquary.mob_ingredient":7,"stat.pickup.minecraft.blaze_powder":15,"stat.drop.minecraft.iron_sword":2,"stat.pickup.exnihilocreatio.block_dust":310,"stat.pickup.minecraft.rotten_flesh":29,"stat.pickup.minecraft.sand":753,"stat.killEntity.abyssalcraft.abyssalzombie":14,"stat.killEntity.Enderman":1,"stat.useItem.exnihilocreatio.block_sieve":19,"stat.mineBlock.minecraft.sand":128,"stat.killEntity.Witch":5,"stat.drop.minecraft.sand":1,"stat.pickup.exnihilocreatio.item_ore_copper":1273,"stat.useItem.exnihilocreatio.item_material":16,"stat.hopperInspected":49,"stat.useItem.minecraft.iron_pickaxe":149,"stat.craftItem.minecraft.bed":2,"stat.pickup.exnihilocreatio.block_barrel0":2,"stat.useItem.endermanevo.friender_pearl":1,"stat.mineBlock.minecraft.hopper":14,"stat.pickup.bhc.red_heart":7,"stat.pickup.thermalfoundation.material":2,"stat.drop.ceramics.clay_bucket":4,"stat.craftItem.tp.iron_cobblegen_block":2,"stat.furnaceInteraction":159,"stat.killEntity.ZombieVillager":3,"stat.craftItem.storagedrawers.upgrade_template":18,"stat.pickup.actuallyadditions.item_solidified_experience":10,"stat.pickup.embers.archaic_brick":7,"stat.drop.minecraft.stone_slab":1,"stat.pickup.exnihilocreatio.item_ore_iron":9413,"stat.pickup.exnihilocreatio.item_ore_osmium":930,"stat.pickup.minecraft.skull":7,"stat.useItem.betterbuilderswands.wanddiamond":529,"stat.drop.nuclearcraft.record_wanderer":1,"stat.pickup.exnihilocreatio.item_ore_nickel":1119,"stat.useItem.minecraft.hopper":16,"stat.pickup.minecraft.emerald":84,"stat.deaths":2,"stat.pickup.actuallyadditions.item_dust":81,"stat.playOneMinute":483784,"stat.craftItem.minecraft.iron_pickaxe":2,"stat.pickup.exnihilocreatio.hammer_diamond":1,"stat.drop.minecraft.torch":1,"stat.chestOpened":516,"stat.craftItem.tp.cobblegen_block":2,"stat.pickup.minecraft.iron_sword":2,"stat.useItem.betterbuilderswands.wandstone":206,"stat.craftItem.minecraft.coal":37,"stat.pickup.nuclearcraft.record_wanderer":1,"stat.craftItem.mob_grinding_utils.spikes":4,"stat.fallOneCm":51357,"stat.drop.minecraft.dye":12,"stat.crouchOneCm":44282,"stat.mineBlock.minecraft.chest":4,"stat.craftItem.minecraft.chest":114,"stat.craftItem.minecraft.iron_ingot":238,"stat.pickup.bonsaitrees.bonsaipot":2,"stat.craftItem.minecraft.hopper":24,"stat.craftingTableInteraction":7,"stat.drop.nuclearcraft.record_hyperspace":1,"stat.drop.exnihilocreatio.item_ore_tin":2,"stat.useItem.minecraft.furnace":1,"stat.pickup.betterbuilderswands.wandstone":1,"stat.pickup.exnihilocreatio.item_ore_gold":1487,"stat.pickup.minecraft.dye":1516,"stat.mineBlock.minecraft.gravel":1381,"stat.mineBlock.minecraft.dirt":5,"stat.pickup.exnihilocreatio.item_mesh":55,"stat.craftItem.rockcandy.harden_rock_candy":32,"stat.useItem.minecraft.torch":30,"stat.useItem.minecraft.log":8,"stat.useItem.minecraft.cobblestone":391,"stat.craftItem.minecraft.crafting_table":2,"stat.useItem.minecraft.gravel":151,"stat.craftItem.ceramics.clay_bucket":7,"stat.pickup.minecraft.log":138,"stat.pickup.betterbuilderswands.wanddiamond":1,"stat.drop.rockcandy.raw_rock_candy":14,"stat.craftItem.exnihilocreatio.block_sieve":14,"stat.craftItem.betterbuilderswands.wanddiamond":9,"stat.craftItem.minecraft.redstone_ore":18,"stat.craftItem.minecraft.gold_ingot":43,"stat.pickup.minecraft.hopper":14,"stat.pickup.minecraft.sapling":116,"stat.pickup.minecraft.apple":123,"stat.useItem.exnihilocreatio.block_barrel0":9,"stat.drop.exnihilocreatio.crook_wood":1,"stat.useItem.exnihilocreatio.hammer_diamond":6247,"stat.useItem.nuclearcraft.dominos":1,"stat.craftItem.minecraft.planks":1032,"stat.useItem.minecraft.iron_sword":249,"stat.useItem.exnihilocreatio.block_crucible":1,"stat.mineBlock.storagedrawers.controller":2,"stat.mineBlock.minecraft.log":118,"stat.craftItem.minecraft.flower_pot":2,"stat.pickup.embers.ancient_motive_core":8,"stat.drop.nuclearcraft.dominos":1,"stat.mineBlock.exnihilocreatio.block_crucible":2,"stat.sneakTime":53926,"stat.pickup.exnihilocreatio.block_sieve":12,"stat.drop.botania.manaresource":5,"stat.pickup.minecraft.stone_slab":204,"stat.craftItem.minecraft.cobblestone":2190,"stat.pickup.minecraft.chest":9,"stat.pickup.minecraft.bone":21,"stat.craftItem.storagedrawers.basicdrawers":62,"stat.pickup.nuclearcraft.record_money_for_nothing":2,"stat.pickup.storagedrawers.controller":2,"stat.craftItem.ceramics.unfired_clay":22,"stat.useItem.minecraft.iron_axe":93,"stat.mineBlock.minecraft.cobblestone":6639,"stat.pickup.minecraft.flint":2212,"stat.drop.nuclearcraft.record_money_for_nothing":2,"stat.pickup.abyssalcraft.corflesh":2,"stat.craftItem.minecraft.wool":9,"stat.pickup.exnihilocreatio.item_ore_lead":1267,"stat.swimOneCm":994,"stat.pickup.lootbags.itemlootbag":36,"stat.useItem.minecraft.dirt":7,"stat.useItem.minecraft.stone_slab2":98,"stat.drop.betterbuilderswands.wandstone":1,"stat.craftItem.storagedrawers.upgrade_storage":18,"stat.craftItem.minecraft.furnace":6,"stat.craftItem.exnihilocreatio.hammer_diamond":3,"stat.pickup.tp.cobblegen_block":1,"stat.pickup.nuclearcraft.record_hyperspace":1,"stat.pickup.minecraft.cobblestone":279,"stat.drop.exnihilocreatio.item_ore_iron":1,"stat.craftItem.harvestcraft.applesauceitem":124,"stat.useItem.exnihilocreatio.hammer_stone":1150,"stat.flyOneCm":264729,"stat.pickup.minecraft.clay":29,"stat.pickup.appliedenergistics2.material":169,"stat.pickup.actuallyadditions.item_booklet":1,"stat.craftItem.minecraft.wooden_slab":408,"stat.pickup.minecraft.redstone":30,"stat.timeSinceDeath":357893,"stat.useItem.minecraft.wooden_slab":7,"stat.craftItem.minecraft.iron_block":8,"stat.killEntity.Creeper":109,"stat.pickup.botania.manaresource":8804,"stat.pickup.minecraft.string":65,"stat.useItem.rockcandy.harden_rock_candy":6,"stat.pickup.tcomplement.porcelain_casting":1,"stat.craftItem.harvestcraft.apple_sapling":1,"stat.craftItem.exnihilocreatio.hammer_stone":10,"stat.pickup.tombstone.crafting_ingredient":3,"stat.entityKilledBy.Skeleton":2,"stat.craftItem.minecraft.stone_slab2":0,"stat.drop.exnihilocreatio.item_ore_aluminum":1,"stat.craftItem.tconstruct.tooltables":1,"stat.sprintOneCm":605673,"stat.killEntity.ancient_golem":34,"stat.mineBlock.minecraft.stone_slab":9,"stat.craftItem.minecraft.stick":368,"stat.useItem.minecraft.stone_slab":50,"stat.useItem.minecraft.bed":2,"stat.useItem.harvestcraft.applesauceitem":75,"stat.pickup.exnihilocreatio.item_material":17,"stat.craftItem.exnihilocreatio.block_crucible_wood":1,"stat.craftItem.minecraft.stone":80,"stat.useItem.lootbags.itemlootbag":2,"stat.pickup.rockcandy.raw_rock_candy":1440,"stat.craftItem.minecraft.clay_ball":72,"stat.drop":37,"stat.craftItem.actuallyadditions.item_misc":8,"stat.craftItem.harvestcraft.potitem":1,"stat.useItem.rockcandy.raw_rock_candy":30,"stat.mineBlock.bonsaitrees.bonsaipot":2,"stat.killEntity.Zombie":50,"stat.craftItem.minecraft.dye":15,"stat.drop.exnihilocreatio.item_ore_gold":6,"stat.craftItem.exnihilocreatio.item_ore_copper":64,"stat.diveOneCm":1932,"stat.useItem.exnihilocreatio.crook_wood":192,"stat.pickup.storagedrawers.basicdrawers":24,"stat.mineBlock.tp.iron_cobblegen_block":1,"stat.pickup.exnihilocreatio.block_crucible":2,"stat.pickup.minecraft.gravel":9398,"stat.craftItem.betterbuilderswands.wandstone":8,"stat.useItem.minecraft.apple":46,"stat.drop.lootbags.itemlootbag":3,"stat.pickup.exnihilocreatio.item_ore_tin":1320,"stat.drop.minecraft.apple":8,"stat.pickup.contenttweaker.rak_coin":5,"stat.pickup.everlastingabilities.ability_bottle":1,"stat.craftItem.exnihilocreatio.block_crucible":4,"stat.useItem.storagedrawers.basicdrawers":62,"stat.jump":1790,"stat.useItem.minecraft.sand":27,"stat.pickup.minecraft.coal":1383,"stat.craftItem.rockcandy.raw_rock_candy":28,"stat.pickup.minecraft.iron_ingot":17,"stat.craftItem.bonsaitrees.bonsaipot":5,"stat.pickup.minecraft.gunpowder":41,"stat.craftItem.minecraft.torch":60,"stat.pickup.minecraft.dirt":18,"stat.useItem.minecraft.sapling":13,"stat.craftItem.exnihilocreatio.item_ore_iron":436,"stat.pickup.exnihilocreatio.item_ore_platinum":1282,"stat.damageTaken":1841,"stat.mineBlock.minecraft.torch":5,"stat.killEntity.tconstruct.blueslime":22,"stat.craftItem.minecraft.comparator":4,"stat.pickup.mysticalagriculture.crafting":6,"stat.pickup.exnihilocreatio.item_ore_silver":1238,"stat.pickup.minecraft.bed":2,"tombstone:undead_killed":156,"stat.craftItem.exnihilocreatio.crook_wood":4,"stat.craftItem.storagedrawers.controller":2,"stat.damageDealt":13388,"stat.craftItem.minecraft.glass":2,"stat.mineBlock.exnihilocreatio.block_barrel0":2,"stat.craftItem.minecraft.iron_sword":13,"stat.craftItem.minecraft.stone_slab":1344,"stat.walkOneCm":954602,"stat.useItem.minecraft.chest":23,"stat.pickup.minecraft.stick":4,"stat.useItem.tombstone.gift":2,"stat.pickup.exnihilocreatio.item_ore_yellorium":18,"stat.pickup.tombstone.familiar_receptacle":1,"stat.killEntity.Skeleton":89,"stat.killEntity.Spider":1,"stat.mobKills":329,"stat.craftItem.exnihilocreatio.block_barrel0":10,"stat.craftItem.exnihilocreatio.item_ore_gold":43,"stat.pickup.minecraft.diamond":73,"stat.mineBlock.minecraft.leaves":209,"stat.pickup.minecraft.torch":19,"stat.mineBlock.tp.cobblegen_block":1,"stat.craftItem.minecraft.brick":34,"stat.craftItem.exnihilocreatio.item_mesh":36,"stat.mineBlock.exnihilocreatio.block_sieve":12}