{"stat.mineBlock.storagedrawers.basicdrawers":22,"stat.mineBlock.tconstruct.seared_tank":3,"stat.leaveGame":7,"stat.drop.minecraft.gunpowder":2,"stat.craftItem.minecraft.iron_axe":2,"stat.pickup.tconstruct.edible":19,"stat.drop.exnihilocreatio.item_ore_nickel":8,"stat.pickup.exnihilocreatio.item_ore_zinc":127,"stat.mineBlock.extrautils2.compressedcobblestone":165,"stat.pickup.tconstruct.faucet":1,"stat.mineBlock.minecraft.web":1,"stat.craftItem.exnihilocreatio.block_dust":324,"stat.pickup.exnihilocreatio.item_ore_aluminum":1511,"stat.pickup.minecraft.glowstone_dust":73,"stat.pickup.projectred-exploration.barrel":2,"stat.pickup.xreliquary.mob_ingredient":8,"stat.pickup.minecraft.blaze_powder":54,"stat.drop.minecraft.iron_sword":2,"stat.pickup.exnihilocreatio.block_dust":444,"stat.pickup.minecraft.rotten_flesh":33,"stat.pickup.minecraft.sand":960,"stat.killEntity.abyssalcraft.abyssalzombie":41,"stat.killEntity.Enderman":1,"stat.useItem.exnihilocreatio.block_sieve":19,"stat.mineBlock.minecraft.sand":262,"stat.killEntity.Witch":7,"stat.drop.minecraft.sand":1,"stat.pickup.exnihilocreatio.item_ore_copper":1589,"stat.useItem.exnihilocreatio.item_material":16,"stat.hopperInspected":58,"stat.useItem.minecraft.iron_pickaxe":195,"stat.pickup.darkutils.shulker_pearl":1,"stat.craftItem.minecraft.bed":2,"stat.pickup.projectred-core.resource_item":2,"stat.pickup.tcomplement.porcelain_melter":1,"stat.pickup.exnihilocreatio.block_barrel0":2,"stat.useItem.endermanevo.friender_pearl":1,"stat.mineBlock.minecraft.hopper":14,"stat.pickup.bhc.red_heart":8,"stat.pickup.thermalfoundation.material":3,"stat.drop.ceramics.clay_bucket":4,"stat.craftItem.tp.iron_cobblegen_block":2,"stat.furnaceInteraction":160,"stat.killEntity.ZombieVillager":3,"stat.craftItem.storagedrawers.upgrade_template":18,"stat.pickup.actuallyadditions.item_solidified_experience":13,"stat.pickup.embers.archaic_brick":17,"stat.drop.minecraft.stone_slab":1,"stat.pickup.mob_grinding_utils.spikes":4,"stat.pickup.extrautils2.compressedsand":36,"stat.pickup.exnihilocreatio.item_ore_iron":10808,"stat.pickup.exnihilocreatio.item_ore_osmium":1105,"stat.pickup.minecraft.skull":10,"stat.pickup.tconstruct.smeltery_io":2,"stat.useItem.betterbuilderswands.wanddiamond":660,"stat.drop.nuclearcraft.record_wanderer":1,"stat.pickup.overloaded.compressed_dust":36,"stat.pickup.tombstone.scroll_buff":1,"stat.pickup.exnihilocreatio.item_ore_nickel":1395,"stat.useItem.minecraft.hopper":16,"stat.pickup.minecraft.emerald":100,"stat.deaths":2,"stat.useItem.tconstruct.smeltery_io":1,"stat.pickup.actuallyadditions.item_dust":179,"stat.playOneMinute":567764,"stat.craftItem.minecraft.iron_pickaxe":2,"stat.pickup.exnihilocreatio.hammer_diamond":1,"stat.drop.minecraft.torch":1,"stat.pickup.tconstruct.seared":28,"stat.chestOpened":663,"stat.pickup.tconstruct.casting":3,"stat.craftItem.tp.cobblegen_block":2,"stat.pickup.minecraft.iron_sword":2,"stat.pickup.extrautils2.compressedcobblestone":1,"stat.useItem.betterbuilderswands.wandstone":206,"stat.craftItem.minecraft.coal":37,"stat.mineBlock.tconstruct.faucet":1,"stat.pickup.nuclearcraft.record_wanderer":1,"stat.craftItem.mob_grinding_utils.spikes":4,"stat.pickup.tconstruct.cast_custom":2,"stat.drop.exnihilocreatio.item_ore_platinum":29,"stat.fallOneCm":60583,"stat.drop.minecraft.dye":12,"stat.crouchOneCm":44422,"stat.mineBlock.minecraft.chest":5,"stat.craftItem.minecraft.chest":146,"stat.craftItem.minecraft.iron_ingot":238,"stat.pickup.bonsaitrees.bonsaipot":2,"stat.craftItem.minecraft.hopper":24,"stat.craftingTableInteraction":7,"stat.drop.nuclearcraft.record_hyperspace":1,"stat.drop.exnihilocreatio.item_ore_tin":2,"stat.pickup.furnaceoverhaul.iron_furnace":1,"stat.craftItem.tconstruct.pattern":4,"stat.useItem.minecraft.furnace":1,"stat.mineBlock.tconstruct.smeltery_io":2,"stat.pickup.betterbuilderswands.wandstone":1,"stat.pickup.exnihilocreatio.item_ore_gold":1643,"stat.pickup.minecraft.dye":1806,"stat.pickup.minecraft.planks":55,"stat.drop.mob_grinding_utils.spikes":4,"stat.mineBlock.minecraft.gravel":1590,"stat.mineBlock.minecraft.dirt":6,"stat.pickup.exnihilocreatio.item_mesh":56,"stat.craftItem.rockcandy.harden_rock_candy":32,"stat.useItem.minecraft.torch":30,"stat.useItem.minecraft.log":8,"stat.useItem.minecraft.cobblestone":404,"stat.craftItem.minecraft.crafting_table":3,"stat.craftItem.projectred-exploration.barrel":1,"stat.useItem.minecraft.gravel":156,"stat.craftItem.ceramics.clay_bucket":7,"stat.pickup.minecraft.log":138,"stat.pickup.betterbuilderswands.wanddiamond":1,"stat.drop.rockcandy.raw_rock_candy":14,"stat.craftItem.exnihilocreatio.block_sieve":14,"stat.craftItem.betterbuilderswands.wanddiamond":10,"stat.craftItem.minecraft.redstone_ore":18,"stat.craftItem.minecraft.gold_ingot":43,"stat.pickup.minecraft.hopper":14,"stat.drop.minecraft.sapling":4,"stat.pickup.minecraft.sapling":116,"stat.pickup.minecraft.apple":123,"stat.useItem.exnihilocreatio.block_barrel0":9,"stat.drop.exnihilocreatio.crook_wood":1,"stat.useItem.exnihilocreatio.hammer_diamond":8062,"stat.useItem.nuclearcraft.dominos":2,"stat.craftItem.minecraft.planks":1204,"stat.useItem.minecraft.iron_sword":343,"stat.useItem.exnihilocreatio.block_crucible":1,"stat.drop.tombstone.scroll_buff":1,"stat.mineBlock.storagedrawers.controller":2,"stat.mineBlock.minecraft.log":118,"stat.craftItem.minecraft.flower_pot":2,"stat.pickup.embers.ancient_motive_core":11,"stat.drop.nuclearcraft.dominos":1,"stat.mineBlock.exnihilocreatio.block_crucible":2,"stat.sneakTime":54623,"stat.pickup.exnihilocreatio.block_sieve":12,"stat.drop.botania.manaresource":5,"stat.mineBlock.extrautils2.compressedgravel":36,"stat.pickup.minecraft.stone_slab":204,"stat.craftItem.minecraft.cobblestone":2190,"stat.pickup.minecraft.chest":10,"stat.mineBlock.ceramics.faucet":1,"stat.pickup.furnaceoverhaul.gold_furnace":1,"stat.pickup.minecraft.bone":88,"stat.craftItem.storagedrawers.basicdrawers":87,"stat.pickup.nuclearcraft.record_money_for_nothing":2,"stat.mineBlock.tcomplement.porcelain_tank":1,"stat.pickup.storagedrawers.controller":2,"stat.craftItem.ceramics.unfired_clay":22,"stat.useItem.minecraft.iron_axe":100,"stat.mineBlock.minecraft.cobblestone":7873,"stat.pickup.minecraft.flint":2492,"stat.drop.nuclearcraft.record_money_for_nothing":2,"stat.pickup.abyssalcraft.corflesh":2,"stat.craftItem.minecraft.wool":9,"stat.pickup.exnihilocreatio.item_ore_lead":1547,"stat.swimOneCm":1024,"stat.pickup.lootbags.itemlootbag":45,"stat.useItem.minecraft.dirt":8,"stat.useItem.minecraft.stone_slab2":126,"stat.drop.betterbuilderswands.wandstone":1,"stat.craftItem.storagedrawers.upgrade_storage":18,"stat.craftItem.minecraft.furnace":6,"stat.craftItem.exnihilocreatio.hammer_diamond":3,"stat.pickup.tp.cobblegen_block":1,"stat.pickup.nuclearcraft.record_hyperspace":1,"stat.drop.minecraft.ender_pearl":1,"stat.pickup.minecraft.cobblestone":1559,"stat.drop.exnihilocreatio.item_ore_iron":1,"stat.craftItem.harvestcraft.applesauceitem":124,"stat.useItem.exnihilocreatio.hammer_stone":1150,"stat.flyOneCm":300204,"stat.pickup.minecraft.clay":29,"stat.pickup.appliedenergistics2.material":396,"stat.pickup.actuallyadditions.item_booklet":1,"stat.useItem.extrautils2.compressedgravel":3,"stat.craftItem.minecraft.wooden_slab":420,"stat.pickup.extrautils2.compressedgravel":164,"stat.pickup.minecraft.redstone":132,"stat.timeSinceDeath":441873,"stat.useItem.minecraft.wooden_slab":7,"stat.craftItem.minecraft.iron_block":8,"stat.craftItem.tcomplement.porcelain_tank":1,"stat.killEntity.Creeper":125,"stat.craftItem.tconstruct.soil":2,"stat.pickup.botania.manaresource":8804,"stat.pickup.minecraft.string":65,"stat.useItem.rockcandy.harden_rock_candy":6,"stat.pickup.tconstruct.smeltery_controller":2,"stat.pickup.tcomplement.porcelain_casting":2,"stat.craftItem.harvestcraft.apple_sapling":1,"stat.craftItem.exnihilocreatio.hammer_stone":10,"stat.pickup.tombstone.crafting_ingredient":7,"stat.entityKilledBy.Skeleton":2,"stat.craftItem.minecraft.stone_slab2":0,"stat.drop.exnihilocreatio.item_ore_aluminum":13,"stat.craftItem.tconstruct.tooltables":2,"stat.sprintOneCm":715942,"stat.killEntity.ancient_golem":44,"stat.mineBlock.minecraft.stone_slab":9,"stat.mineBlock.tcomplement.porcelain_melter":1,"stat.craftItem.minecraft.stick":376,"stat.useItem.minecraft.stone_slab":50,"stat.useItem.minecraft.bed":2,"stat.useItem.harvestcraft.applesauceitem":95,"stat.pickup.exnihilocreatio.item_material":17,"stat.craftItem.exnihilocreatio.block_crucible_wood":1,"stat.craftItem.minecraft.stone":80,"stat.useItem.lootbags.itemlootbag":2,"stat.useItem.tconstruct.casting":1,"stat.pickup.rockcandy.raw_rock_candy":1645,"stat.craftItem.minecraft.clay_ball":72,"stat.useItem.tconstruct.seared_tank":2,"stat.useItem.extrautils2.compressedsand":4,"stat.drop":45,"stat.craftItem.actuallyadditions.item_misc":8,"stat.craftItem.harvestcraft.potitem":1,"stat.useItem.rockcandy.raw_rock_candy":30,"stat.useItem.tconstruct.seared":24,"stat.mineBlock.bonsaitrees.bonsaipot":2,"stat.mineBlock.extrautils2.compressedsand":36,"stat.killEntity.Zombie":54,"stat.craftItem.minecraft.dye":15,"stat.drop.exnihilocreatio.item_ore_gold":16,"stat.craftItem.exnihilocreatio.item_ore_copper":64,"stat.mineBlock.furnaceoverhaul.iron_furnace":1,"stat.pickup.ceramics.faucet":1,"stat.craftItem.storagedrawers.compdrawers":1,"stat.diveOneCm":1932,"stat.useItem.exnihilocreatio.crook_wood":192,"stat.pickup.tconstruct.tooltables":5,"stat.pickup.storagedrawers.basicdrawers":24,"stat.craftItem.minecraft.piston":4,"stat.mineBlock.furnaceoverhaul.gold_furnace":1,"stat.mineBlock.tp.iron_cobblegen_block":1,"stat.pickup.exnihilocreatio.block_crucible":2,"stat.pickup.minecraft.gravel":10634,"stat.useItem.extrautils2.compressedcobblestone":4,"stat.mineBlock.tconstruct.smeltery_controller":2,"stat.craftItem.betterbuilderswands.wandstone":8,"stat.useItem.minecraft.apple":46,"stat.drop.lootbags.itemlootbag":3,"stat.pickup.exnihilocreatio.item_ore_tin":1599,"stat.drop.minecraft.apple":8,"stat.pickup.contenttweaker.rak_coin":5,"stat.pickup.everlastingabilities.ability_bottle":1,"stat.craftItem.exnihilocreatio.block_crucible":4,"stat.useItem.storagedrawers.basicdrawers":73,"stat.jump":2056,"stat.useItem.minecraft.sand":30,"stat.pickup.minecraft.coal":1659,"stat.craftItem.rockcandy.raw_rock_candy":28,"stat.pickup.minecraft.iron_ingot":55,"stat.pickup.tconstruct.seared_tank":3,"stat.craftItem.bonsaitrees.bonsaipot":5,"stat.pickup.minecraft.gunpowder":57,"stat.craftItem.minecraft.torch":60,"stat.pickup.minecraft.dirt":29,"stat.pickup.tcomplement.porcelain_tank":1,"stat.useItem.minecraft.sapling":13,"stat.craftItem.exnihilocreatio.item_ore_iron":436,"stat.mineBlock.tconstruct.tooltables":5,"stat.pickup.exnihilocreatio.item_ore_platinum":1602,"stat.damageTaken":2241,"stat.mineBlock.minecraft.torch":5,"stat.killEntity.tconstruct.blueslime":22,"stat.craftItem.minecraft.comparator":4,"stat.pickup.mysticalagriculture.crafting":9,"stat.pickup.exnihilocreatio.item_ore_silver":1546,"stat.pickup.minecraft.bed":2,"tombstone:undead_killed":206,"stat.craftItem.exnihilocreatio.crook_wood":4,"stat.craftItem.storagedrawers.controller":2,"stat.pickup.quark.witch_hat":1,"stat.damageDealt":17987,"stat.craftItem.minecraft.glass":2,"stat.mineBlock.exnihilocreatio.block_barrel0":2,"stat.craftItem.minecraft.iron_sword":14,"stat.craftItem.minecraft.stone_slab":1344,"stat.walkOneCm":1128893,"stat.useItem.minecraft.chest":30,"stat.pickup.minecraft.stick":4,"stat.useItem.tombstone.gift":2,"stat.pickup.exnihilocreatio.item_ore_yellorium":22,"stat.pickup.tombstone.familiar_receptacle":1,"stat.killEntity.Skeleton":108,"stat.killEntity.Spider":2,"stat.mineBlock.tcomplement.porcelain_casting":1,"stat.mobKills":408,"stat.craftItem.exnihilocreatio.block_barrel0":10,"stat.craftItem.exnihilocreatio.item_ore_gold":43,"stat.pickup.minecraft.diamond":99,"stat.mineBlock.minecraft.leaves":209,"stat.pickup.minecraft.torch":19,"stat.mineBlock.tconstruct.seared":28,"stat.mineBlock.tconstruct.casting":3,"stat.mineBlock.tp.cobblegen_block":1,"stat.craftItem.minecraft.brick":34,"stat.craftItem.exnihilocreatio.item_mesh":36,"stat.mineBlock.exnihilocreatio.block_sieve":12}