{"profiles":{"3625a5e1-9d80-4157-86ca-449195a8a22a":{"disable":true,"default":true,"no_death_mg":false,"peaceful":false,"nether":false,"hardcore":false,"no_area_of_effects":false,"no_status_effects":false,"no_explosions":false},"b52c8aa5-4ba3-3dde-98d6-b77dbf4fe17e":{"no_death_mg":false,"disable":true,"peaceful":false,"nether":false,"hardcore":true,"no_area_of_effects":false,"default":true,"no_status_effects":false,"no_explosions":false},"14d0086c-2166-342e-8aca-07ed40ceb5fc":{"no_status_effects":false,"default":true,"peaceful":false,"no_area_of_effects":false,"disable":true,"no_explosions":false,"no_death_mg":false,"hardcore":false,"nether":false}}}